{"count":1,"self":22.881552,"total":23.3589624,"children":{"InitializeActuators":{"count":1,"self":0.0009999,"total":0.0009999,"children":null},"InitializeSensors":{"count":1,"self":0.0009999,"total":0.0009999,"children":null},"AgentSendState":{"count":943,"self":0.0060044999999999994,"total":0.0250371,"children":{"CollectObservations":{"count":943,"self":0.0040019,"total":0.0040019,"children":null},"WriteActionMask":{"count":943,"self":0.0040057999999999995,"total":0.0040057999999999995,"children":null},"RequestDecision":{"count":943,"self":0.011024899999999999,"total":0.011024899999999999,"children":null}}},"DecideAction":{"count":943,"self":0.44636139999999996,"total":0.44636139999999996,"children":null},"AgentAct":{"count":943,"self":0.0030123999999999997,"total":0.0030123999999999997,"children":null}},"gauges":{"PendulumBehavior.CumulativeReward":{"count":2,"max":107.363571,"min":-400.86496,"runningAverage":-146.7507,"value":-400.86496,"weightedAverage":-19.6935616}},"metadata":{"timer_format_version":"0.1.0","start_time_seconds":"1642028273","unity_version":"2021.2.7f1","command_line_arguments":"E:\\Unity_install\\2021.2.7f1\\Editor\\Unity.exe -projectpath E:\/workspace\/unity\/inverted_pendulum -useHub -hubIPC -cloudEnvironment production -hubSessionId ad0afdd0-73e0-11ec-b3ef-d155e7be485b -accessToken zSx4RyRcMD7GyZ0xhZT8NKBkTmGVziZ8RSBdYi1e9bc00ef","communication_protocol_version":"1.5.0","com.unity.ml-agents_version":"2.1.0-exp.1","scene_name":"MainScene","end_time_seconds":"1642028297"}}